,İlan NO,Fiyat,Oda Sayısı,Metre Kare,Bina Yaşı,Kat No,İlçe,Mahalle,İlan Tarihi,Emlakçı
0,128169-163,5.000,4 + 1,200,15 Yaşında,5.Kat,Merkezefendi,SelçukBeyMahallesi,"
              02 Aralık 2022
            ",AkifErsoy
1,94398-4959,3.000,2 + 1,125,21 Yaşında,3.Kat,Merkezefendi,YenişehirMahallesi,"
              02 Aralık 2022
            ",mervekoyunyerli
2,123902-432,4.000,2 + 1,120,Sıfır Bina,YüksekGiriş,Merkezefendi,1200EvlerMahallesi,"
              02 Aralık 2022
            ",ÖZENÖZÇELİK
3,128169-165,3.750,3 + 1,175,16 Yaşında,3.Kat,Merkezefendi,YenişafakMahallesi,"
              02 Aralık 2022
            ",AkifErsoy
4,130837-266,3.600,3 + 1,150,Sıfır Bina,BahçeKatı,Merkezefendi,MehmetAkifErsoyMahallesi,"
              02 Aralık 2022
            ",SinanÇetin
5,66036-55,5.250,2 + 1,100,26 Yaşında,4.Kat,Pamukkale,KınıklıMahallesi,"
              02 Aralık 2022
            ",MustafaKocabay
6,60626-891,1.750,2 + 1,120,32 Yaşında,2.Kat,Merkezefendi,MuratdedeMahallesi,"
              02 Aralık 2022
            ",HALİLKOÇOĞLU
7,94398-4939,2.800,2 + 1,95,21 Yaşında,YüksekGiriş,Merkezefendi,AdaletMahallesi,"
              02 Aralık 2022
            ",mervekoyunyerli
8,131323-68,3.000,2 + 1,80,Sıfır Bina,2.Kat,Merkezefendi,MehmetAkifErsoyMahallesi,"
              29 Kasım 2022
            ",FatmaUlaman
9,128687-252,9.950,4 + 1,205,Sıfır Bina,2.Kat,Merkezefendi,ŞemiklerMahallesi,"
              30 Kasım 2022
            ",MustafaESKİ
10,77841-31,4.250,3 + 1,120,7 Yaşında,YüksekGiriş,Merkezefendi,ServergaziMahallesi,"
              30 Kasım 2022
            ",EKREMÇELİK
11,131446-164,6.000,3 + 1,190,15 Yaşında,3.Kat,Merkezefendi,AdaletMahallesi,"
              28 Kasım 2022
            ",MuhammetAşkar
12,130703-228,4.000,2 + 1,110,3 Yaşında,1.Kat,Merkezefendi,ŞemiklerMahallesi,"
              02 Aralık 2022
            ",SibelGüral
13,132487-70,7.000,3 + 1,190,7 Yaşında,AraKat,Merkezefendi,ŞemiklerMahallesi,"
              29 Kasım 2022
            ",ÖZLERTOKUR
14,1408-2238,6.000,3 + 1,200,8 Yaşında,3.Kat,Pamukkale,İncilipınarMahallesi,"
              28 Kasım 2022
            ",BurakUTMA
15,64407-3292,3.000,2 + 1,106,1 Yaşında,5.Kat,Merkezefendi,KarahasanlıMahallesi,"
              01 Aralık 2022
            ",İNCİGAYRİMENKUL
16,117504-463,6.000,2 + 1,55,4 Yaşında,1.Kat,Pamukkale,KınıklıMahallesi,"
              30 Kasım 2022
            ",FeritKemalYalçın
17,0-39880831,6.500,3 + 1,165,Sıfır Bina,YüksekGiriş,Merkezefendi,BereketlerMahallesi,"
              28 Kasım 2022
            ",DilekÖzdemirKarcı
18,0-39877718,600,2 + 1,90,12 Yaşında,4.Kat,Çal,İsmaillerMahallesi,"
              30 Kasım 2022
            ",MehmetKeçeci
19,133232-87,3.000,2 + 1,70,10 Yaşında,AraKat,Pamukkale,KınıklıMahallesi,"
              01 Aralık 2022
            ",KOZAGAYRİMENKULB
20,94398-4960,3.000,1 + 1,55,5 Yaşında,BahçeKatı,Pamukkale,İncilipınarMahallesi,"
              02 Aralık 2022
            ",NEDİMKISAOĞLU
21,77841-30,2.750,2 + 1,120,15 Yaşında,3.Kat,Pamukkale,MehmetçikMahallesi,"
              30 Kasım 2022
            ",EKREMÇELİK
22,132487-63,6.500,2 + 1,120,1 Yaşında,AraKat,Merkezefendi,SelçukBeyMahallesi,"
              29 Kasım 2022
            ",ÖZLERTOKUR
23,123902-414,5.000,4 + 1,200,10 Yaşında,AraKat,Merkezefendi,SelçukBeyMahallesi,"
              02 Aralık 2022
            ",ŞuleŞimşek
24,99579-1121,6.500,3 + 1,145,Sıfır Bina,1.Kat,Merkezefendi,SelçukBeyMahallesi,"
              30 Kasım 2022
            ",HASANSEFAURKAY
25,128687-258,3.750,2 + 1,55,Sıfır Bina,5.Kat,Merkezefendi,MuratdedeMahallesi,"
              30 Kasım 2022
            ",EmreÜLKÜ
26,60719-506,4.250,2 + 1,75,4 Yaşında,AraKat,Merkezefendi,MuratdedeMahallesi,"
              30 Kasım 2022
            ",ŞuaypÖzkan
27,117872-789,2.750,3 + 1,135,20 Yaşında,AraKat,Pamukkale,CumhuriyetMahallesi,"
              26 Kasım 2022
            ",ÖZNURDORUM
28,133232-83,2.300,1 + 1,50,5 Yaşında,Zemin,Pamukkale,KınıklıMahallesi,"
              29 Kasım 2022
            ",KOZAGAYRİMENKULB
29,94398-4963,2.500,1 + 1,40,10 Yaşında,ÇatıKatı,Merkezefendi,AltıntopMahallesi,"
              02 Aralık 2022
            ",NEDİMKISAOĞLU
30,134506-8,4.500,1 + 1,55,20 Yaşında,AraKat,Pamukkale,İstiklalMahallesi,"
              02 Aralık 2022
            ",FatmaÖzdağ
31,121020-1796,3.000,1 + 1,50,5 Yaşında,AraKat,Pamukkale,KınıklıMahallesi,"
              30 Kasım 2022
            ",AYGÜLMUTLUBAŞ
32,123902-430,5.000,4 + 1,200,12 Yaşında,5.Kat,Merkezefendi,AdaletMahallesi,"
              01 Aralık 2022
            ",ÖZENÖZÇELİK
33,60626-413,4.500,2 + 1,70,2 Yaşında,BahçeKatı,Pamukkale,MehmetçikMahallesi,"
              28 Kasım 2022
            ",HALİLKOÇOĞLU
34,100374-1604,5.000,3 + 1,140,7 Yaşında,AraKat,Merkezefendi,ŞemiklerMahallesi,"
              30 Kasım 2022
            ",ALİMANAYCI
35,99579-1252,3.500,2 + 1,170,13 Yaşında,ÇatıKatı,Merkezefendi,MerkezEfendiMahallesi,"
              30 Kasım 2022
            ",HASANSEFAURKAY
36,121020-1792,3.500,2 + 1,65,6 Yaşında,AraKat,Pamukkale,AsmalıevlerMahallesi,"
              30 Kasım 2022
            ",AYGÜLMUTLUBAŞ
37,118136-11,4.500,2 + 1,85,10 Yaşında,BahçeKatı,Pamukkale,MehmetçikMahallesi,"
              28 Kasım 2022
            ",HİKMETCAN
38,129161-525,6.000,3 + 1,190,8 Yaşında,AraKat,Merkezefendi,SelçukBeyMahallesi,"
              26 Kasım 2022
            ",SezerGündüz
39,100374-1603,3.500,3 + 1,140,21 Yaşında,AraKat,Merkezefendi,AdaletMahallesi,"
              30 Kasım 2022
            ",ALİMANAYCI
40,60626-882,2.800,3 + 1,145,20 Yaşında,2.Kat,Merkezefendi,YenişehirMahallesi,"
              29 Kasım 2022
            ",HALİLKOÇOĞLU
41,134011-92,3.800,2 + 1,80,5 Yaşında,AraKat,Pamukkale,15MayısMahallesi,"
              02 Aralık 2022
            ",tarıkkahraman
42,99579-1243,7.000,3 + 1,165,Sıfır Bina,3.Kat,Merkezefendi,AdaletMahallesi,"
              30 Kasım 2022
            ",HASANSEFAURKAY
43,114443-832,3.200,1 + 1,55,5 Yaşında,2.Kat,Pamukkale,PelitlibağMahallesi,"
              28 Kasım 2022
            ",ÜLKERÜNAL
44,121313-238,3.500,1 + 1,55,15 Yaşında,AraKat,Pamukkale,SitelerMahallesi,"
              28 Kasım 2022
            ",TOLGASAĞIR
45,134011-91,3.000,2 + 1,80,5 Yaşında,BahçeKatı,Merkezefendi,DeğirmenönüMahallesi,"
              02 Aralık 2022
            ",tarıkkahraman
46,94398-4926,4.000,2 + 1,82,2 Yaşında,Zemin,Merkezefendi,BahçelievlerMahallesi,"
              29 Kasım 2022
            ",ÖMERDEMİRAY
47,134506-3,2.750,1 + 1,60,8 Yaşında,3.Kat,Merkezefendi,DeğirmenönüMahallesi,"
              01 Aralık 2022
            ",FatmaÖzdağ
48,128687-265,2.650,3 + 1,155,21 Yaşında,4.Kat,Merkezefendi,DeğirmenönüMahallesi,"
              30 Kasım 2022
            ",MeltemACAR
49,119283-1070,1.250,2 + 1,100,35 Yaşında,YüksekGiriş,Pamukkale,TopraklıkMahallesi,"
              02 Aralık 2022
            ",BozkurtGayrimenkul
50,115001-20,4.000,1 + 1,50,3 Yaşında,2.Kat,Pamukkale,FesleğenMahallesi,"
              02 Aralık 2022
            ",HasanŞengün
51,134011-82,3.000,2 + 1,130,23 Yaşında,2.Kat,Merkezefendi,YenişehirMahallesi,"
              02 Aralık 2022
            ",muhammetmustafaalkan
52,94398-4956,3.000,2 + 1,100,20 Yaşında,1.Kat,Merkezefendi,SaraylarMahallesi,"
              01 Aralık 2022
            ",NEDİMKISAOĞLU
53,133343-79,3.250,2 + 1,170,10 Yaşında,ÇatıKatı,Merkezefendi,MerkezEfendiMahallesi,"
              28 Kasım 2022
            ",NurselKoçu
54,0-39868500,5.000,3 + 1,150,Sıfır Bina,1.Kat,Merkezefendi,GültepeMahallesi,"
              27 Kasım 2022
            ",TarıkZafer
55,0-39808592,4.850,2 + 1,85,4 Yaşında,6.Kat,Pamukkale,15MayısMahallesi,"
              26 Kasım 2022
            ",MustafaBey
56,120415-291,2.750,1 + 1,65,4 Yaşında,4.Kat,Merkezefendi,AkkonakMahallesi,"
              17 Kasım 2022
            ",DİLEKAKINCILAR
57,133232-85,6.000,1 + 1,50,5 Yaşında,AraKat,Pamukkale,BağbaşıMahallesi,"
              30 Kasım 2022
            ",KOZAGAYRİMENKULB
58,0-39840353,3.650,1 + 1,53,4 Yaşında,AraKat,Merkezefendi,BereketlerMahallesi,"
              28 Kasım 2022
            ",KemalBekci
59,94398-4952,2.500,2 + 1,110,4 Yaşında,3.Kat,Merkezefendi,SırakapılarMahallesi,"
              30 Kasım 2022
            ",NEDİMKISAOĞLU
60,121020-1703,3.750,2 + 1,70,6 Yaşında,AraKat,Pamukkale,İncilipınarMahallesi,"
              26 Kasım 2022
            ",AYGÜLMUTLUBAŞ
61,128687-263,2.750,2 + 1,85,31 Yaşında,1.Kat,Merkezefendi,BahçelievlerMahallesi,"
              30 Kasım 2022
            ",MeltemACAR
62,121313-264,5.000,2 + 1,55,Sıfır Bina,ÇatıKatı,Pamukkale,YunusemreMahallesi,"
              01 Aralık 2022
            ",TOLGASAĞIR
63,134011-88,2.000,1 + 1,70,10 Yaşında,EnÜstKat,Merkezefendi,SümerMahallesi,"
              02 Aralık 2022
            ",tarıkkahraman
64,131323-65,5.000,3 + 1,190,15 Yaşında,4.Kat,Pamukkale,FesleğenMahallesi,"
              21 Kasım 2022
            ",FatmaUlaman
65,131446-148,6.000,3 + 1,150,3 Yaşında,AraKat,Merkezefendi,KarahasanlıMahallesi,"
              10 Kasım 2022
            ",MuhammetAşkar
66,120598-630,7.000,3 + 1,205,7 Yaşında,1.Kat,Merkezefendi,SelçukBeyMahallesi,"
              24 Kasım 2022
            ",hasanışık
67,100374-1602,2.750,2 + 1,95,25 Yaşında,YüksekGiriş,Merkezefendi,AdaletMahallesi,"
              30 Kasım 2022
            ",ALİMANAYCI
68,0-39850839,2.250,1 + 1,60,7 Yaşında,ÇatıKatı,Acıpayam,ÇamlıkMahallesi,"
              24 Kasım 2022
            ",ArzuAğar
69,64407-3289,4.500,2 + 1,120,Sıfır Bina,3.Kat,Merkezefendi,ŞemiklerMahallesi,"
              24 Kasım 2022
            ",İNCİGAYRİMENKUL
70,119283-1066,2.000,Stüdyo,55,3 Yaşında,EnÜstKat,Merkezefendi,DeğirmenönüMahallesi,"
              30 Kasım 2022
            ",BozkurtGayrimenkul
71,121020-1780,2.750,2 + 1,70,7 Yaşında,ÇatıKatı,Pamukkale,YunusemreMahallesi,"
              26 Kasım 2022
            ",AYGÜLMUTLUBAŞ
72,128687-264,3.500,2 + 1,115,16 Yaşında,BahçeKatı,Merkezefendi,SelçukBeyMahallesi,"
              30 Kasım 2022
            ",MeltemACAR
73,111818-1221,3.000,3 + 1,150,26 Yaşında,YüksekGiriş,Merkezefendi,SırakapılarMahallesi,"
              17 Kasım 2022
            ",hasanadıyaman
74,102793-2314,1.500,1 + 1,100,25 Yaşında,BahçeKatı,Pamukkale,KuşpınarMahallesi,"
              15 Kasım 2022
            ",ÖzlemHanım
75,125975-362,8.750,3 + 1,207,2 Yaşında,4.Kat,Merkezefendi,YenişafakMahallesi,"
              10 Kasım 2022
            ",HüsrevKesgin
76,100374-1605,3.000,1 + 1,65,Sıfır Bina,4.Kat,Merkezefendi,SelçukBeyMahallesi,"
              30 Kasım 2022
            ",ALİMANAYCI
77,64407-3287,4.500,3 + 1,205,9 Yaşında,Kot2,Merkezefendi,BereketlerMahallesi,"
              24 Kasım 2022
            ",İNCİGAYRİMENKUL
78,94398-4948,3.000,2 + 1,85,15 Yaşında,BahçeKatı,Pamukkale,İncilipınarMahallesi,"
              02 Aralık 2022
            ",mervekoyunyerli
79,121020-1760,6.000,3 + 1,185,11 Yaşında,2.Kat,Pamukkale,KınıklıMahallesi,"
              25 Kasım 2022
            ",AYGÜLMUTLUBAŞ
80,114443-829,7.000,2 + 1,115,4 Yaşında,3.Kat,Merkezefendi,BahçelievlerMahallesi,"
              17 Kasım 2022
            ",ÜLKERÜNAL
81,134011-2,3.000,1 + 1,65,15 Yaşında,AraKat,Pamukkale,KınıklıMahallesi,"
              01 Aralık 2022
            ",ŞahinAyhan
82,64407-3273,6.000,3 + 1,160,35 Yaşında,7.Kat,Merkezefendi,SırakapılarMahallesi,"
              10 Kasım 2022
            ",İNCİGAYRİMENKUL
83,121020-1772,5.500,2 + 1,65,Sıfır Bina,2.Kat,Pamukkale,YunusemreMahallesi,"
              25 Kasım 2022
            ",AYGÜLMUTLUBAŞ
84,130703-236,3.250,1 + 1,55,4 Yaşında,2.Kat,Pamukkale,15MayısMahallesi,"
              02 Aralık 2022
            ",SibelGüral
85,123902-425,3.250,2 + 1,195,15 Yaşında,EnÜstKat,Merkezefendi,MerkezEfendiMahallesi,"
              25 Kasım 2022
            ",ÖZENÖZÇELİK
86,117872-793,3.800,3 + 1,130,6 Yaşında,3.Kat,Pamukkale,GökpınarMahallesi,"
              02 Aralık 2022
            ",OĞUZHANYAMAÇ
87,121020-1774,3.000,1 + 1,50,Sıfır Bina,ÇatıKatı,Pamukkale,YunusemreMahallesi,"
              25 Kasım 2022
            ",AYGÜLMUTLUBAŞ
88,94398-4951,2.250,2 + 1,110,30 Yaşında,2.Kat,Pamukkale,İncilipınarMahallesi,"
              30 Kasım 2022
            ",NEDİMKISAOĞLU
89,79583-1473,7.000,3 + 1,175,Sıfır Bina,2.Kat,Merkezefendi,YenişafakMahallesi,"
              11 Kasım 2022
            ",HüseyinŞafak
90,121313-263,2.800,1 + 1,45,4 Yaşında,1.Kat,Pamukkale,ZeytinköyMahallesi,"
              29 Kasım 2022
            ",TOLGASAĞIR
91,91390-992,6.000,3 + 1,185,Sıfır Bina,2.Kat,Merkezefendi,KarahasanlıMahallesi,"
              29 Kasım 2022
            ",HasanARSLAN
92,131452-96,1.250,3 + 1,130,16 Yaşında,BahçeKatı,Pamukkale,KervansarayMahallesi,"
              30 Kasım 2022
            ",AhmetÇağlarBabayiğit
93,134094-18,4.000,3 + 1,135,20 Yaşında,YüksekGiriş,Pamukkale,BağbaşıMahallesi,"
              29 Kasım 2022
            ",Zabitİntak
94,121020-1791,3.500,2 + 1,70,5 Yaşında,AraKat,Pamukkale,AtalarMahallesi,"
              30 Kasım 2022
            ",AYGÜLMUTLUBAŞ
95,96407-263,1.750,3 + 1,135,27 Yaşında,3.Kat,Pamukkale,FesleğenMahallesi,"
              01 Aralık 2022
            ",HÜSEMCERİT
96,88986-333,4.000,3 + 1,140,5 Yaşında,YüksekGiriş,Pamukkale,İncilipınarMahallesi,"
              17 Kasım 2022
            ",BARANUNUTMAZER
97,120598-633,2.750,2 + 1,110,4 Yaşında,3.Kat,Pamukkale,GökpınarMahallesi,"
              26 Kasım 2022
            ",ElifzehraŞişman
98,126549-198,2.750,1 + 1,70,3 Yaşında,4.Kat,Pamukkale,AtalarMahallesi,"
              27 Kasım 2022
            ",VeliTuluy
99,134011-89,4.000,2 + 1,80,5 Yaşında,AraKat,Pamukkale,İstiklalMahallesi,"
              02 Aralık 2022
            ",tarıkkahraman
100,133232-81,6.000,3 + 1,180,15 Yaşında,2.Kat,Merkezefendi,SelçukBeyMahallesi,"
              02 Aralık 2022
            ",KOZAGAYRİMENKUL
101,121020-1740,3.000,1 + 1,50,5 Yaşında,3.Kat,Pamukkale,YunusemreMahallesi,"
              25 Kasım 2022
            ",AYGÜLMUTLUBAŞ
102,94398-4868,4.250,2 + 1,140,Sıfır Bina,2.Kat,Merkezefendi,MerkezEfendiMahallesi,"
              30 Kasım 2022
            ",NEDİMKISAOĞLU
103,99579-1253,12.000,4 + 1,320,20 Yaşında,,Merkezefendi,ServergaziMahallesi,"
              29 Kasım 2022
            ",REGAİBÇAĞLAYAN
104,123902-431,1.600,Stüdyo,38,10 Yaşında,2.Kat,Pamukkale,KınıklıMahallesi,"
              01 Aralık 2022
            ",ÖZENÖZÇELİK
105,117872-775,3.000,2 + 1,100,15 Yaşında,4.Kat,Pamukkale,BağbaşıMahallesi,"
              10 Kasım 2022
            ",ÖZNURDORUM
106,117049-3152,3.000,1 + 1,100,5 Yaşında,6.Kat,Merkezefendi,SelçukBeyMahallesi,"
              29 Kasım 2022
            ",berrinakça
107,127829-138,3.500,1 + 1,60,5 Yaşında,2.Kat,Pamukkale,ZeytinköyMahallesi,"
              30 Kasım 2022
            ",ErsoyFuatErgin
108,123304-283,3.000,1 + 1,55,8 Yaşında,AraKat,Pamukkale,ZeytinköyMahallesi,"
              15 Kasım 2022
            ",eyüpyol
109,133232-77,1.500,3 + 1,150,10 Yaşında,AraKat,Pamukkale,BağbaşıMahallesi,"
              19 Kasım 2022
            ",KOZAGAYRİMENKULB
110,134011-90,3.000,1 + 1,55,5 Yaşında,AraKat,Pamukkale,15MayısMahallesi,"
              02 Aralık 2022
            ",tarıkkahraman
111,117504-611,3.000,2 + 1,95,4 Yaşında,YüksekGiriş,Merkezefendi,AkkonakMahallesi,"
              22 Kasım 2022
            ",SedatYÜRECİ
112,0-39812874,2.900,3 + 1,185,7 Yaşında,AraKat,Sarayköy,TuranMahallesi,"
              27 Kasım 2022
            ",musabostancı
113,133161-117,3.750,2 + 1,180,15 Yaşında,ÇatıKatı,Merkezefendi,MerkezEfendiMahallesi,"
              10 Kasım 2022
            ",İlkerÖzkan
114,130692-214,3.250,1 + 1,60,Sıfır Bina,AraKat,Pamukkale,15MayısMahallesi,"
              10 Kasım 2022
            ",emirhankarapaça
115,129122-308,3.000,1 + 1,55,5 Yaşında,AraKat,Pamukkale,AsmalıevlerMahallesi,"
              10 Kasım 2022
            ",MuratKayam
116,121853-912,9.500,4 + 1,205,Sıfır Bina,2.Kat,Merkezefendi,ŞemiklerMahallesi,"
              25 Kasım 2022
            ",HakanManas
117,94398-4947,4.000,3 + 1,150,15 Yaşında,AraKat,Merkezefendi,AltıntopMahallesi,"
              30 Kasım 2022
            ",NEDİMKISAOĞLU
118,126156-188,10.000,4 + 1,230,4 Yaşında,6.Kat,Merkezefendi,ÇakmakMahallesi,"
              10 Kasım 2022
            ",İlkerYetimoğlu
119,117049-3137,3.500,1 + 1,50,5 Yaşında,2.Kat,Pamukkale,AsmalıevlerMahallesi,"
              28 Kasım 2022
            ",sevilaykul
120,128687-277,6.500,4 + 1,210,14 Yaşında,AraKat,Merkezefendi,1200EvlerMahallesi,"
              30 Kasım 2022
            ",ÇağlarSAYGILI
121,117504-629,2.000,1 + 1,60,3 Yaşında,YarıBodrum,Pamukkale,SitelerMahallesi,"
              29 Kasım 2022
            ",SedatYÜRECİ
122,120598-579,2.000,1 + 1,45,Sıfır Bina,AraKat,Merkezefendi,SümerMahallesi,"
              14 Kasım 2022
            ",AKINKÜLAH
123,121020-1748,5.000,3 + 1,145,26 Yaşında,3.Kat,Pamukkale,MehmetçikMahallesi,"
              25 Kasım 2022
            ",AYGÜLMUTLUBAŞ
124,99579-1251,4.500,3 + 1,180,17 Yaşında,4.Kat,Merkezefendi,AkkonakMahallesi,"
              27 Kasım 2022
            ",REGAİBÇAĞLAYAN
125,0-39741597,6.000,2 + 1,78,8 Yaşında,1.Kat,Pamukkale,AtalarMahallesi,"
              10 Kasım 2022
            ",Ranaleblebi
126,117872-776,2.500,1 + 1,55,6 Yaşında,3.Kat,Pamukkale,AsmalıevlerMahallesi,"
              10 Kasım 2022
            ",ÖZNURDORUM
127,121313-197,5.000,1 + 1,55,3 Yaşında,2.Kat,Pamukkale,ZeytinköyMahallesi,"
              25 Kasım 2022
            ",TOLGASAĞIR
128,121020-1771,3.500,1 + 1,55,4 Yaşında,2.Kat,Pamukkale,AsmalıevlerMahallesi,"
              25 Kasım 2022
            ",AYGÜLMUTLUBAŞ
129,133492-34,3.500,2 + 1,60,6 Yaşında,2.Kat,Pamukkale,AsmalıevlerMahallesi,"
              14 Kasım 2022
            ",FatihDemirhan
130,125511-384,6.000,3 + 1,180,10 Yaşında,YüksekGiriş,Merkezefendi,ŞemiklerMahallesi,"
              28 Kasım 2022
            ",MehmetSedatErsoy
131,102793-2309,3.000,1 + 1,55,4 Yaşında,1.Kat,Merkezefendi,DeğirmenönüMahallesi,"
              10 Kasım 2022
            ",ÖzlemHanım
132,131446-137,6.000,3 + 1,165,15 Yaşında,AraKat,Merkezefendi,AdaletMahallesi,"
              10 Kasım 2022
            ",MuhammetAşkar
133,117504-583,4.250,2 + 1,125,Sıfır Bina,1.Kat,Merkezefendi,MerkezEfendiMahallesi,"
              22 Kasım 2022
            ",SedatYÜRECİ
134,94398-4928,5.000,3 + 1,170,35 Yaşında,3.Kat,Merkezefendi,AltıntopMahallesi,"
              23 Kasım 2022
            ",NEDİMKISAOĞLU
135,121020-1690,3.500,1 + 1,60,6 Yaşında,2.Kat,Pamukkale,AsmalıevlerMahallesi,"
              17 Kasım 2022
            ",AYGÜLMUTLUBAŞ
136,130837-261,4.000,1 + 1,65,4 Yaşında,2.Kat,Pamukkale,15MayısMahallesi,"
              29 Kasım 2022
            ",hamzaçelik
137,133611-17,2.000,Stüdyo,45,5 Yaşında,BahçeKatı,Pamukkale,AsmalıevlerMahallesi,"
              26 Kasım 2022
            ",celalözcan
138,99579-1245,2.499,1 + 1,55,20 Yaşında,ÇatıKatı,Pamukkale,YunusemreMahallesi,"
              13 Kasım 2022
            ",SerhatÇam
139,49113-3931,3.000,1 + 1,65,2 Yaşında,2.Kat,Pamukkale,KuşpınarMahallesi,"
              01 Aralık 2022
            ",ErdemÇakır
140,94573-729,3.100,1 + 1,60,8 Yaşında,1.Kat,Pamukkale,HacıkaplanlarMahallesi,"
              23 Kasım 2022
            ",ESRASERİN
141,94398-4941,4.000,3 + 1,255,20 Yaşında,,Merkezefendi,MehmetAkifErsoyMahallesi,"
              01 Aralık 2022
            ",NEDİMKISAOĞLU
142,133492-5,1.250,Stüdyo,40,6 Yaşında,2.Kat,Pamukkale,AsmalıevlerMahallesi,"
              28 Kasım 2022
            ",FatihDemirhan
143,121020-1754,2.500,1 + 1,55,5 Yaşında,3.Kat,Pamukkale,İncilipınarMahallesi,"
              25 Kasım 2022
            ",AYGÜLMUTLUBAŞ
144,134011-42,3.000,1 + 1,55,3 Yaşında,EnÜstKat,Merkezefendi,SelçukBeyMahallesi,"
              22 Kasım 2022
            ",ŞahinAyhan
145,115002-673,2.000,1 + 1,45,4 Yaşında,1.Kat,Merkezefendi,DeğirmenönüMahallesi,"
              01 Aralık 2022
            ",MuratBey
146,128687-251,2.750,1 + 1,110,11 Yaşında,GirişKatı,Merkezefendi,GerzeleMahallesi,"
              30 Kasım 2022
            ",MustafaESKİ
147,117504-603,3.500,1 + 1,65,15 Yaşında,2.Kat,Pamukkale,AsmalıevlerMahallesi,"
              10 Kasım 2022
            ",SedatYÜRECİ
148,121313-251,5.000,1 + 1,55,5 Yaşında,AraKat,Pamukkale,ZeytinköyMahallesi,"
              25 Kasım 2022
            ",TOLGASAĞIR
149,0-39836246,4.500,3 + 1,195,17 Yaşında,4.Kat,Merkezefendi,AkkonakMahallesi,"
              19 Kasım 2022
            ",MustafaAliİnaç
150,131339-45,3.500,2 + 1,110,21 Yaşında,4.Kat,Merkezefendi,AdaletMahallesi,"
              10 Kasım 2022
            ",MahfuzYolcu
151,133492-2,3.000,1 + 1,50,6 Yaşında,1.Kat,Pamukkale,İstiklalMahallesi,"
              30 Kasım 2022
            ",FatihDemirhan
152,94573-735,4.500,1 + 1,60,5 Yaşında,AraKat,Pamukkale,SitelerMahallesi,"
              30 Kasım 2022
            ",ESRASERİN
153,94398-4914,5.500,3 + 1,150,Sıfır Bina,5.Kat,Merkezefendi,YenişafakMahallesi,"
              19 Kasım 2022
            ",NEDİMKISAOĞLU
154,120415-281,2.000,2 + 1,135,30 Yaşında,3.Kat,Merkezefendi,SırakapılarMahallesi,"
              10 Kasım 2022
            ",DİLEKAKINCILAR
155,121853-900,4.000,2 + 1,125,4 Yaşında,2.Kat,Merkezefendi,ŞemiklerMahallesi,"
              10 Kasım 2022
            ",HakanManas
156,117049-3151,4.000,1 + 1,45,5 Yaşında,1.Kat,Pamukkale,AsmalıevlerMahallesi,"
              29 Kasım 2022
            ",sevilaykul
157,133232-24,2.800,1 + 1,50,10 Yaşında,AraKat,Pamukkale,AsmalıevlerMahallesi,"
              10 Kasım 2022
            ",KOZAGAYRİMENKULB
158,131452-95,3.000,3 + 1,165,15 Yaşında,3.Kat,Pamukkale,KervansarayMahallesi,"
              14 Kasım 2022
            ",AhmetÇağlarBabayiğit
159,121020-1781,3.600,2 + 1,70,5 Yaşında,2.Kat,Pamukkale,AsmalıevlerMahallesi,"
              27 Kasım 2022
            ",AYGÜLMUTLUBAŞ
160,131323-63,5.000,1 + 1,50,Sıfır Bina,3.Kat,Pamukkale,İncilipınarMahallesi,"
              10 Kasım 2022
            ",FatmaUlaman
161,133492-40,1.600,Stüdyo,50,5 Yaşında,2.Kat,Pamukkale,AsmalıevlerMahallesi,"
              28 Kasım 2022
            ",FatihDemirhan
162,121853-924,2.500,3 + 1,100,20 Yaşında,YüksekGiriş,Merkezefendi,SelçukBeyMahallesi,"
              10 Kasım 2022
            ",HakanManas
163,122903-391,2.100,2 + 1,85,Sıfır Bina,BodrumveZemin,Merkezefendi,BahçelievlerMahallesi,"
              22 Kasım 2022
            ",TAMAYERSOY
164,42634-1951,7.500,3 + 1,160,Sıfır Bina,2.Kat,Merkezefendi,YenişafakMahallesi,"
              16 Kasım 2022
            ",SEBAHATMETİN
165,0-39769472,2.500,2 + 1,124,35 Yaşında,,Merkezefendi,DeğirmenönüMahallesi,"
              26 Kasım 2022
            ",aygulhoke
166,67388-827,3.800,2 + 1,65,22 Yaşında,3.Kat,Pamukkale,İncilipınarMahallesi,"
              10 Kasım 2022
            ",MUSTAFAÖZTOK
167,133611-19,3.000,1 + 1,55,Sıfır Bina,2.Kat,Pamukkale,BağbaşıMahallesi,"
              25 Kasım 2022
            ",celalözcan
168,134011-44,4.500,3 + 1,190,15 Yaşında,3.Kat,Merkezefendi,AkkonakMahallesi,"
              26 Kasım 2022
            ",tarıkkahraman
169,121020-1736,2.500,2 + 1,55,11 Yaşında,ÇatıKatı,Pamukkale,YunusemreMahallesi,"
              25 Kasım 2022
            ",AYGÜLMUTLUBAŞ
170,115985-314,2.650,2 + 1,110,5 Yaşında,2.Kat,Pamukkale,BağbaşıMahallesi,"
              10 Kasım 2022
            ",SÜLEYMANKAPLAN
171,121313-239,3.000,2 + 1,60,5 Yaşında,1.Kat,Pamukkale,ZeytinköyMahallesi,"
              25 Kasım 2022
            ",TOLGASAĞIR
172,130837-253,4.000,2 + 1,70,2 Yaşında,5.Kat,Merkezefendi,SaraylarMahallesi,"
              11 Kasım 2022
            ",hamzaçelik
173,117504-633,3.500,1 + 1,55,3 Yaşında,1.Kat,Pamukkale,AsmalıevlerMahallesi,"
              01 Aralık 2022
            ",SedatYÜRECİ
174,121020-1764,3.000,1 + 1,60,5 Yaşında,1.Kat,Pamukkale,AsmalıevlerMahallesi,"
              25 Kasım 2022
            ",AYGÜLMUTLUBAŞ
175,126549-195,3.000,2 + 1,130,Sıfır Bina,3.Kat,Merkezefendi,KayalarMahallesi,"
              16 Kasım 2022
            ",VeliTuluy
176,94398-4934,3.000,1 + 1,65,11 Yaşında,2.Kat,Pamukkale,MehmetçikMahallesi,"
              30 Kasım 2022
            ",mervekoyunyerli
177,115001-23,4.000,1 + 1,55,3 Yaşında,4.Kat,Pamukkale,FesleğenMahallesi,"
              25 Kasım 2022
            ",HasanŞengün
178,131446-157,2.700,1 + 1,65,3 Yaşında,EnÜstKat,Merkezefendi,SelçukBeyMahallesi,"
              28 Kasım 2022
            ",MuhammetAşkar
179,118461-17,3.250,1 + 1,55,14 Yaşında,AraKat,Pamukkale,KınıklıMahallesi,"
              10 Kasım 2022
            ",MURATERBEĞİ
180,49113-3922,3.000,3 + 1,155,20 Yaşında,YüksekGiriş,Pamukkale,MehmetçikMahallesi,"
              21 Kasım 2022
            ",ErdemÇakır
181,115985-307,1.650,3 + 1,165,16 Yaşında,BahçeKatı,Pamukkale,BağbaşıMahallesi,"
              10 Kasım 2022
            ",SÜLEYMANKAPLAN
182,117504-631,4.500,2 + 1,55,3 Yaşında,2.Kat,Pamukkale,AsmalıevlerMahallesi,"
              30 Kasım 2022
            ",SedatYÜRECİ
183,121020-1795,3.000,2 + 1,55,5 Yaşında,AraKat,Pamukkale,AsmalıevlerMahallesi,"
              30 Kasım 2022
            ",AYGÜLMUTLUBAŞ
184,0-39393889,550,2 + 1,90,15 Yaşında,4.Kat,Çal,İsmaillerMahallesi,"
              10 Kasım 2022
            ",yusufmeder
185,99999-1053,2.500,1 + 1,55,20 Yaşında,Bodrum,Merkezefendi,AkkonakMahallesi,"
              10 Kasım 2022
            ",HÜSEYİNDEDA
186,117049-3113,3.000,3 + 1,130,26 Yaşında,GirişKatı,Pamukkale,MehmetçikMahallesi,"
              30 Kasım 2022
            ",berrinakça
187,120598-562,2.750,Stüdyo,56,8 Yaşında,GirişKatı,Pamukkale,AsmalıevlerMahallesi,"
              10 Kasım 2022
            ",ElifzehraŞişman
188,121020-1776,2.500,2 + 1,115,16 Yaşında,BahçeKatı,Pamukkale,İncilipınarMahallesi,"
              25 Kasım 2022
            ",AYGÜLMUTLUBAŞ
189,0-39515834,3.300,2 + 1,60,20 Yaşında,5.Kat,Pamukkale,AsmalıevlerMahallesi,"
              10 Kasım 2022
            ",AleynaKızıl
190,67388-787,4.500,2 + 1,70,4 Yaşında,BahçeKatı,Pamukkale,MehmetçikMahallesi,"
              15 Kasım 2022
            ",MUSTAFAÖZTOK
191,129161-510,6.000,4 + 1,160,Sıfır Bina,EnÜstKat,Merkezefendi,ŞemiklerMahallesi,"
              15 Kasım 2022
            ",SultanÖzçelik
192,134011-85,3.000,2 + 1,100,4 Yaşında,Zemin,Pamukkale,PelitlibağMahallesi,"
              30 Kasım 2022
            ",tarıkkahraman
193,121020-1735,2.000,Stüdyo,45,5 Yaşında,1.Kat,Pamukkale,AsmalıevlerMahallesi,"
              25 Kasım 2022
            ",AYGÜLMUTLUBAŞ
194,120598-560,3.750,2 + 1,135,7 Yaşında,ÇatıKatı,Merkezefendi,GerzeleMahallesi,"
              10 Kasım 2022
            ",ElifzehraŞişman
195,94398-4904,4.000,3 + 1,145,20 Yaşında,8.Kat,Pamukkale,PelitlibağMahallesi,"
              11 Kasım 2022
            ",NEDİMKISAOĞLU
196,133232-51,2.000,1 + 1,50,6 Yaşında,BahçeKatı,Pamukkale,ZeytinköyMahallesi,"
              01 Aralık 2022
            ",KOZAGAYRİMENKULB
197,121020-1763,3.000,1 + 1,55,4 Yaşında,1.Kat,Pamukkale,İncilipınarMahallesi,"
              25 Kasım 2022
            ",AYGÜLMUTLUBAŞ
198,121853-723,15.000,5 + 1,400,20 Yaşında,,Merkezefendi,SelçukBeyMahallesi,"
              25 Kasım 2022
            ",HakanManas
199,99579-1146,2.699,2 + 1,70,10 Yaşında,3.Kat,Pamukkale,AsmalıevlerMahallesi,"
              10 Kasım 2022
            ",SerhatÇam
200,94398-4905,3.000,2 + 1,125,20 Yaşında,5.Kat,Merkezefendi,YenişehirMahallesi,"
              14 Kasım 2022
            ",NEDİMKISAOĞLU
201,64407-3192,3.500,2 + 1,125,5 Yaşında,2.Kat,Merkezefendi,ŞemiklerMahallesi,"
              15 Kasım 2022
            ",İNCİGAYRİMENKUL
202,121853-708,6.000,3 + 1,200,10 Yaşında,2.Kat,Merkezefendi,SelçukBeyMahallesi,"
              17 Kasım 2022
            ",HakanManas
203,131842-31,2.250,1 + 1,50,5 Yaşında,YüksekGiriş,Pamukkale,HürriyetMahallesi,"
              10 Kasım 2022
            ",PelinÇelik
204,121020-1758,5.000,2 + 1,70,5 Yaşında,2.Kat,Pamukkale,İstiklalMahallesi,"
              25 Kasım 2022
            ",AYGÜLMUTLUBAŞ
205,99579-1112,2.999,3 + 1,160,10 Yaşında,BahçeKatı,Pamukkale,AsmalıevlerMahallesi,"
              10 Kasım 2022
            ",SerhatÇam
206,133611-18,2.500,1 + 1,55,5 Yaşında,2.Kat,Pamukkale,AsmalıevlerMahallesi,"
              24 Kasım 2022
            ",celalözcan
207,121853-637,7.500,3 + 1,200,2 Yaşında,2.Kat,Merkezefendi,SelçukBeyMahallesi,"
              14 Kasım 2022
            ",HakanManas
208,121020-1749,3.500,1 + 1,75,5 Yaşında,3.Kat,Pamukkale,MehmetçikMahallesi,"
              25 Kasım 2022
            ",AYGÜLMUTLUBAŞ
209,94398-4940,2.500,3 + 1,165,15 Yaşında,ÇatıKatı,Pamukkale,İncilipınarMahallesi,"
              25 Kasım 2022
            ",NEDİMKISAOĞLU
210,120598-503,8.900,3 + 1,207,3 Yaşında,AraKat,Merkezefendi,YenişafakMahallesi,"
              10 Kasım 2022
            ",ElifzehraŞişman
211,121853-892,4.100,3 + 1,150,10 Yaşında,1.Kat,Merkezefendi,KarahasanlıMahallesi,"
              21 Kasım 2022
            ",HakanManas
212,130904-34,4.500,1 + 1,55,5 Yaşında,2.Kat,Pamukkale,KınıklıMahallesi,"
              10 Kasım 2022
            ",MuratŞen
213,110125-12,4.500,3 + 1,80,4 Yaşında,3.Kat,Pamukkale,AtalarMahallesi,"
              10 Kasım 2022
            ",BAHTİYARPEHLİVAN
214,99579-1084,2.499,1 + 1,55,10 Yaşında,3.Kat,Pamukkale,AsmalıevlerMahallesi,"
              10 Kasım 2022
            ",SerhatÇam
215,134011-17,5.000,3 + 1,140,10 Yaşında,AraKat,Merkezefendi,ŞemiklerMahallesi,"
              20 Kasım 2022
            ",ŞahinAyhan
216,129408-57,2.000,1 + 1,55,6 Yaşında,AraKat,Pamukkale,AsmalıevlerMahallesi,"
              25 Kasım 2022
            ",MUHAMMETZAHİRPAK
217,133492-33,1.500,Stüdyo,55,6 Yaşında,2.Kat,Pamukkale,AsmalıevlerMahallesi,"
              24 Kasım 2022
            ",FatihDemirhan
218,117504-604,3.500,2 + 1,90,15 Yaşında,1.Kat,Pamukkale,AsmalıevlerMahallesi,"
              10 Kasım 2022
            ",SedatYÜRECİ
219,121020-1789,7.000,2 + 1,65,Sıfır Bina,3.Kat,Pamukkale,KınıklıMahallesi,"
              29 Kasım 2022
            ",OFİSMUTLUBAŞ
220,94398-4943,1.000,2 + 1,90,10 Yaşında,YarıBodrum,Merkezefendi,MerkezEfendiMahallesi,"
              30 Kasım 2022
            ",NEDİMKISAOĞLU
221,49113-3932,1.750,1 + 1,55,8 Yaşında,1.Kat,Pamukkale,AsmalıevlerMahallesi,"
              23 Kasım 2022
            ",ErdemÇakır
222,131339-43,6.000,3 + 1,180,4 Yaşında,2.Kat,Merkezefendi,AkkonakMahallesi,"
              10 Kasım 2022
            ",MahfuzYolcu
223,133611-15,2.250,2 + 1,50,6 Yaşında,BahçeKatı,Pamukkale,YunusemreMahallesi,"
              10 Kasım 2022
            ",celalözcan
224,133492-26,3.500,1 + 1,50,5 Yaşında,1.Kat,Pamukkale,KınıklıMahallesi,"
              10 Kasım 2022
            ",FatihDemirhan
225,99579-1208,3.999,1 + 1,55,5 Yaşında,6.Kat,Pamukkale,BağbaşıMahallesi,"
              13 Kasım 2022
            ",SerhatÇam
226,117504-605,1.600,Stüdyo,45,25 Yaşında,5.Kat,Pamukkale,AsmalıevlerMahallesi,"
              18 Kasım 2022
            ",SedatYÜRECİ
227,121020-1803,4.000,1 + 1,70,Sıfır Bina,3.Kat,Pamukkale,KınıklıMahallesi,"
              02 Aralık 2022
            ",OFİSMUTLUBAŞ
228,132487-62,3.000,1 + 1,45,Sıfır Bina,Zemin,Pamukkale,KınıklıMahallesi,"
              14 Kasım 2022
            ",ÖZLERTOKUR
229,99579-1255,2.999,1 + 1,50,10 Yaşında,3.Kat,Pamukkale,KınıklıMahallesi,"
              25 Kasım 2022
            ",SerhatÇam
230,121020-1768,2.000,Stüdyo,45,5 Yaşında,BahçeKatı,Pamukkale,AsmalıevlerMahallesi,"
              25 Kasım 2022
            ",AYGÜLMUTLUBAŞ
231,133492-38,3.500,1 + 1,50,8 Yaşında,1.Kat,Pamukkale,AsmalıevlerMahallesi,"
              20 Kasım 2022
            ",FatihDemirhan
232,117504-619,4.250,3 + 1,145,18 Yaşında,4.Kat,Merkezefendi,MehmetAkifErsoyMahallesi,"
              18 Kasım 2022
            ",SedatYÜRECİ
233,68295-269,3.500,3 + 1,150,21 Yaşında,1.Kat,Pamukkale,MehmetçikMahallesi,"
              10 Kasım 2022
            ",LİDERGAYRİMENKUL
234,121313-219,3.500,1 + 1,55,4 Yaşında,AraKat,Pamukkale,ZeytinköyMahallesi,"
              25 Kasım 2022
            ",TOLGASAĞIR
235,133492-36,3.400,1 + 1,55,4 Yaşında,2.Kat,Pamukkale,BağbaşıMahallesi,"
              17 Kasım 2022
            ",FatihDemirhan
236,133611-4,3.500,1 + 1,55,3 Yaşında,4.Kat,Pamukkale,AsmalıevlerMahallesi,"
              10 Kasım 2022
            ",MustafaUmuç
237,117049-2844,15.000,9 + 1,440,5 Yaşında,BahçeKatı,Merkezefendi,SelçukBeyMahallesi,"
              30 Kasım 2022
            ",berrinakça
238,0-39583979,3.500,2 + 1,125,10 Yaşında,3.Kat,Pamukkale,KınıklıMahallesi,"
              10 Kasım 2022
            ",tuncayÇelık
239,121020-1686,5.000,3 + 1,145,26 Yaşında,3.Kat,Pamukkale,MehmetçikMahallesi,"
              16 Kasım 2022
            ",OFİSMUTLUBAŞ
240,121313-175,3.500,1 + 1,50,4 Yaşında,AraKat,Pamukkale,ZeytinköyMahallesi,"
              25 Kasım 2022
            ",TOLGASAĞIR
241,120598-558,3.500,1 + 1,55,8 Yaşında,2.Kat,Pamukkale,YunusemreMahallesi,"
              10 Kasım 2022
            ",ElifzehraŞişman
242,133611-7,4.750,3 + 1,165,11 Yaşında,3.Kat,Pamukkale,YunusemreMahallesi,"
              10 Kasım 2022
            ",MustafaUmuç
243,133492-39,2.250,2 + 1,60,8 Yaşında,ÇatıKatı,Pamukkale,AsmalıevlerMahallesi,"
              24 Kasım 2022
            ",FatihDemirhan
244,94398-4920,4.000,2 + 1,75,8 Yaşında,AraKat,Pamukkale,MehmetçikMahallesi,"
              19 Kasım 2022
            ",NEDİMKISAOĞLU
245,133492-24,2.500,2 + 1,60,6 Yaşında,1.Kat,Pamukkale,AsmalıevlerMahallesi,"
              10 Kasım 2022
            ",FatihDemirhan
246,64407-3266,2.500,2 + 1,140,25 Yaşında,YüksekGiriş,Merkezefendi,SelçukBeyMahallesi,"
              10 Kasım 2022
            ",İNCİGAYRİMENKUL
247,121020-1692,3.600,2 + 1,70,5 Yaşında,2.Kat,Pamukkale,AsmalıevlerMahallesi,"
              21 Kasım 2022
            ",AYGÜLMUTLUBAŞ
248,100374-1572,3.000,1 + 1,45,4 Yaşında,AraKat,Merkezefendi,AdaletMahallesi,"
              25 Kasım 2022
            ",ALİMANAYCI
249,94398-4925,2.500,2 + 1,135,20 Yaşında,3.Kat,Pamukkale,KuşpınarMahallesi,"
              23 Kasım 2022
            ",mervekoyunyerli
250,99579-1216,3.499,3 + 1,165,10 Yaşında,1.Kat,Pamukkale,KınıklıMahallesi,"
              10 Kasım 2022
            ",SerhatÇam
251,121020-1693,3.000,1 + 1,55,6 Yaşında,1.Kat,Pamukkale,İncilipınarMahallesi,"
              21 Kasım 2022
            ",AYGÜLMUTLUBAŞ
252,99999-1052,3.000,3 + 1,150,20 Yaşında,AraKat,Merkezefendi,AkkonakMahallesi,"
              10 Kasım 2022
            ",HÜSEYİNDEDA
253,133492-31,2.500,1 + 1,50,8 Yaşında,BahçeKatı,Pamukkale,YunusemreMahallesi,"
              24 Kasım 2022
            ",FatihDemirhan
254,64407-3265,2.500,3 + 1,140,30 Yaşında,AraKat,Merkezefendi,ÇakmakMahallesi,"
              10 Kasım 2022
            ",İNCİGAYRİMENKUL
255,49113-3908,4.250,3 + 1,140,25 Yaşında,3.Kat,Pamukkale,KuşpınarMahallesi,"
              21 Kasım 2022
            ",ErdemÇakır
256,117504-625,3.500,2 + 1,80,5 Yaşında,Zemin,Merkezefendi,SırakapılarMahallesi,"
              22 Kasım 2022
            ",SedatYÜRECİ
257,117049-2948,3.000,3 + 1,160,26 Yaşında,GirişKatı,Merkezefendi,SırakapılarMahallesi,"
              28 Kasım 2022
            ",HURİYEÜNVER
258,134011-48,3.000,1 + 1,60,11 Yaşında,2.Kat,Pamukkale,MehmetçikMahallesi,"
              26 Kasım 2022
            ",tarıkkahraman
259,133492-4,1.500,Stüdyo,49,5 Yaşında,1.Kat,Pamukkale,AsmalıevlerMahallesi,"
              24 Kasım 2022
            ",FatihDemirhan
260,121020-1695,3.000,1 + 1,60,5 Yaşında,1.Kat,Pamukkale,AsmalıevlerMahallesi,"
              21 Kasım 2022
            ",AYGÜLMUTLUBAŞ
261,99579-1174,2.399,1 + 1,45,3 Yaşında,BahçeKatı,Pamukkale,ZeytinköyMahallesi,"
              10 Kasım 2022
            ",SerhatÇam
262,49113-1370,2.400,1 + 1,55,Sıfır Bina,2.Kat,Pamukkale,ZeytinköyMahallesi,"
              23 Kasım 2022
            ",ErdemÇakır
263,133710-4,1.000,3 + 1,125,16 Yaşında,4.Kat,Çardak,SarayMahallesi,"
              10 Kasım 2022
            ",BurhanÇetin
264,133492-32,2.000,Stüdyo,35,3 Yaşında,1.Kat,Pamukkale,YunusemreMahallesi,"
              13 Kasım 2022
            ",FatihDemirhan
265,121020-1694,2.500,1 + 1,55,5 Yaşında,AraKat,Pamukkale,AsmalıevlerMahallesi,"
              24 Kasım 2022
            ",AYGÜLMUTLUBAŞ
266,99579-1240,1.999,2 + 1,65,20 Yaşında,1.Kat,Pamukkale,AsmalıevlerMahallesi,"
              13 Kasım 2022
            ",SerhatÇam
267,121313-231,3.500,1 + 1,45,5 Yaşında,AraKat,Pamukkale,ZeytinköyMahallesi,"
              25 Kasım 2022
            ",TOLGASAĞIR
268,121020-1786,3.500,1 + 1,50,5 Yaşında,2.Kat,Pamukkale,MehmetçikMahallesi,"
              27 Kasım 2022
            ",AYGÜLMUTLUBAŞ
269,133232-18,2.500,Stüdyo,50,5 Yaşında,AraKat,Pamukkale,AsmalıevlerMahallesi,"
              02 Aralık 2022
            ",KOZAGAYRİMENKULB
270,123032-168,2.500,1 + 1,55,4 Yaşında,AraKat,Pamukkale,KınıklıMahallesi,"
              10 Kasım 2022
            ",ErkanBeydemir
271,99579-1145,1.999,Stüdyo,40,10 Yaşında,ÇatıKatı,Pamukkale,AsmalıevlerMahallesi,"
              10 Kasım 2022
            ",SerhatÇam
272,121020-1751,4.500,2 + 1,85,5 Yaşında,2.Kat,Pamukkale,ZeytinköyMahallesi,"
              25 Kasım 2022
            ",AYGÜLMUTLUBAŞ
273,117504-547,3.250,2 + 1,110,31 Yaşında,3.Kat,Merkezefendi,BahçelievlerMahallesi,"
              10 Kasım 2022
            ",FevziyeAydar
274,121020-1801,4.000,1 + 1,67,3 Yaşında,2.Kat,Pamukkale,KınıklıMahallesi,"
              01 Aralık 2022
            ",OFİSMUTLUBAŞ
275,131665-16,25.000,7 + 2,500,10 Yaşında,,Merkezefendi,GerzeleMahallesi,"
              10 Kasım 2022
            ",SeyfettinTine
276,121020-1778,2.750,2 + 1,50,5 Yaşında,BahçeKatı,Pamukkale,AsmalıevlerMahallesi,"
              25 Kasım 2022
            ",AYGÜLMUTLUBAŞ
277,133611-10,3.500,1 + 1,55,3 Yaşında,AraKat,Pamukkale,BağbaşıMahallesi,"
              10 Kasım 2022
            ",kağaninan
278,121020-1793,3.500,2 + 1,60,6 Yaşında,ÇatıKatı,Pamukkale,AsmalıevlerMahallesi,"
              30 Kasım 2022
            ",AYGÜLMUTLUBAŞ
279,133611-3,3.000,2 + 1,60,5 Yaşında,1.Kat,Pamukkale,YunusemreMahallesi,"
              10 Kasım 2022
            ",MustafaUmuç
280,123032-164,2.250,1 + 1,65,2 Yaşında,EnÜstKat,Pamukkale,ZeytinköyMahallesi,"
              10 Kasım 2022
            ",ErkanBeydemir
281,121020-1699,3.500,1 + 1,50,9 Yaşında,AraKat,Pamukkale,MehmetçikMahallesi,"
              23 Kasım 2022
            ",GÖKANDİNCER
282,133611-1,3.500,1 + 1,50,1 Yaşında,2.Kat,Pamukkale,BağbaşıMahallesi,"
              10 Kasım 2022
            ",MustafaUmuç
283,49113-3914,3.200,2 + 1,65,4 Yaşında,4.Kat,Pamukkale,KınıklıMahallesi,"
              21 Kasım 2022
            ",ErdemÇakır
284,121020-1779,2.000,1 + 1,50,5 Yaşında,BahçeKatı,Pamukkale,AsmalıevlerMahallesi,"
              25 Kasım 2022
            ",AYGÜLMUTLUBAŞ
285,130904-42,4.500,1 + 1,60,5 Yaşında,2.Kat,Pamukkale,KınıklıMahallesi,"
              10 Kasım 2022
            ",MuratŞen
286,99579-1150,3.999,2 + 1,80,10 Yaşında,2.Kat,Pamukkale,KınıklıMahallesi,"
              10 Kasım 2022
            ",SerhatÇam
287,133611-8,2.500,2 + 1,59,5 Yaşında,BahçeKatı,Pamukkale,AsmalıevlerMahallesi,"
              10 Kasım 2022
            ",MustafaUmuç
288,131446-100,3.200,3 + 1,140,15 Yaşında,EnÜstKat,Merkezefendi,SelçukBeyMahallesi,"
              10 Kasım 2022
            ",MuhammetAşkar
289,120598-533,4.000,2 + 1,125,7 Yaşında,3.Kat,Merkezefendi,SelçukBeyMahallesi,"
              10 Kasım 2022
            ",ElifzehraŞişman
290,130904-43,2.750,2 + 1,65,5 Yaşında,2.Kat,Pamukkale,KınıklıMahallesi,"
              10 Kasım 2022
            ",MuratŞen
291,99579-1164,3.499,2 + 1,70,10 Yaşında,1.Kat,Pamukkale,AsmalıevlerMahallesi,"
              10 Kasım 2022
            ",SerhatÇam
292,133611-12,3.000,2 + 1,60,5 Yaşında,3.Kat,Pamukkale,YunusemreMahallesi,"
              10 Kasım 2022
            ",celalözcan
293,120598-501,1.790,Stüdyo,40,1 Yaşında,2.Kat,Pamukkale,AsmalıevlerMahallesi,"
              10 Kasım 2022
            ",ElifzehraŞişman
294,133611-5,3.750,2 + 1,60,4 Yaşında,3.Kat,Pamukkale,AsmalıevlerMahallesi,"
              10 Kasım 2022
            ",MustafaUmuç
295,121020-1721,2.000,Stüdyo,50,5 Yaşında,2.Kat,Pamukkale,AsmalıevlerMahallesi,"
              25 Kasım 2022
            ",AYGÜLMUTLUBAŞ
296,121313-228,3.000,2 + 1,55,4 Yaşında,1.Kat,Pamukkale,ZeytinköyMahallesi,"
              25 Kasım 2022
            ",TOLGASAĞIR
297,121020-1720,3.500,2 + 1,65,5 Yaşında,3.Kat,Pamukkale,YunusemreMahallesi,"
              25 Kasım 2022
            ",AYGÜLMUTLUBAŞ
298,133611-6,2.000,Stüdyo,38,3 Yaşında,BahçeKatı,Pamukkale,AsmalıevlerMahallesi,"
              10 Kasım 2022
            ",MustafaUmuç
299,121020-1678,3.500,3 + 1,155,25 Yaşında,2.Kat,Pamukkale,İstiklalMahallesi,"
              10 Kasım 2022
            ",OFİSMUTLUBAŞ
300,133611-9,2.000,1 + 1,45,5 Yaşında,BahçeKatı,Pamukkale,AsmalıevlerMahallesi,"
              10 Kasım 2022
            ",celalözcan
301,133492-1,2.900,2 + 1,55,6 Yaşında,1.Kat,Pamukkale,AsmalıevlerMahallesi,"
              24 Kasım 2022
            ",FatihDemirhan
302,121020-1716,3.000,1 + 1,55,4 Yaşında,1.Kat,Pamukkale,İncilipınarMahallesi,"
              25 Kasım 2022
            ",AYGÜLMUTLUBAŞ
303,121020-1667,2.500,2 + 1,110,18 Yaşında,BahçeKatı,Pamukkale,İncilipınarMahallesi,"
              10 Kasım 2022
            ",GÖKANDİNCER
304,121020-1770,7.000,2 + 1,75,Sıfır Bina,2.Kat,Pamukkale,KınıklıMahallesi,"
              25 Kasım 2022
            ",AYGÜLMUTLUBAŞ
305,99579-1163,2.299,1 + 1,50,10 Yaşında,ÇatıKatı,Pamukkale,AsmalıevlerMahallesi,"
              10 Kasım 2022
            ",SerhatÇam
306,121020-1759,2.800,2 + 1,70,5 Yaşında,2.Kat,Pamukkale,AsmalıevlerMahallesi,"
              25 Kasım 2022
            ",AYGÜLMUTLUBAŞ
307,99579-1160,1.599,1 + 1,50,20 Yaşında,5.Kat,Pamukkale,KınıklıMahallesi,"
              10 Kasım 2022
            ",SerhatÇam
308,121020-1689,3.000,1 + 1,55,6 Yaşında,ÇatıKatı,Pamukkale,KınıklıMahallesi,"
              17 Kasım 2022
            ",AYGÜLMUTLUBAŞ
309,121020-1688,2.800,2 + 1,70,6 Yaşında,2.Kat,Pamukkale,AsmalıevlerMahallesi,"
              17 Kasım 2022
            ",AYGÜLMUTLUBAŞ
310,0-39473714,4.000,3 + 1,190,15 Yaşında,AraKat,Pamukkale,BağbaşıMahallesi,"
              10 Kasım 2022
            ",ZümrütDemirayKabal
311,121020-1647,2.000,Stüdyo,45,7 Yaşında,AraKat,Pamukkale,AsmalıevlerMahallesi,"
              17 Kasım 2022
            ",AYGÜLMUTLUBAŞ
312,99579-1093,2.399,1 + 1,50,5 Yaşında,BahçeKatı,Pamukkale,ZeytinköyMahallesi,"
              10 Kasım 2022
            ",SerhatÇam
313,0-39491809,2.300,2 + 1,50,5 Yaşında,2.Kat,Pamukkale,AsmalıevlerMahallesi,"
              10 Kasım 2022
            ",Fatihdemirhan
314,130904-36,3.400,1 + 1,50,5 Yaşında,1.Kat,Pamukkale,KınıklıMahallesi,"
              10 Kasım 2022
            ",MuratŞen
315,121020-1790,4.500,2 + 1,130,16 Yaşında,1.Kat,Pamukkale,SitelerMahallesi,"
              02 Aralık 2022
            ",OFİSMUTLUBAŞ
316,99579-1195,1.599,Stüdyo,35,10 Yaşında,1.Kat,Pamukkale,AsmalıevlerMahallesi,"
              10 Kasım 2022
            ",SerhatÇam
317,126549-177,3.200,2 + 1,85,8 Yaşında,3.Kat,Merkezefendi,AdaletMahallesi,"
              10 Kasım 2022
            ",EmreTuran
318,121020-1679,3.100,3 + 1,135,35 Yaşında,1.Kat,Merkezefendi,AkkonakMahallesi,"
              10 Kasım 2022
            ",OFİSMUTLUBAŞ
319,121020-1691,2.000,Stüdyo,40,6 Yaşında,BahçeKatı,Pamukkale,AsmalıevlerMahallesi,"
              17 Kasım 2022
            ",AYGÜLMUTLUBAŞ
320,121020-1713,4.250,3 + 1,135,21 Yaşında,4.Kat,Pamukkale,KuşpınarMahallesi,"
              25 Kasım 2022
            ",AYGÜLMUTLUBAŞ
321,117049-2428,3.500,1 + 1,50,5 Yaşında,ÇatıKatı,Pamukkale,AsmalıevlerMahallesi,"
              28 Kasım 2022
            ",sevilaykul
322,121020-1661,2.000,1 + 1,50,5 Yaşında,BahçeKatı,Pamukkale,ZeytinköyMahallesi,"
              10 Kasım 2022
            ",AYGÜLMUTLUBAŞ
323,99579-969,1.999,1 + 1,50,5 Yaşında,ÇatıKatı,Pamukkale,AsmalıevlerMahallesi,"
              10 Kasım 2022
            ",SerhatÇam
324,121020-1719,3.750,3 + 1,68,5 Yaşında,1.Kat,Pamukkale,KınıklıMahallesi,"
              25 Kasım 2022
            ",AYGÜLMUTLUBAŞ
325,99579-1210,2.999,1 + 1,55,10 Yaşında,3.Kat,Pamukkale,KınıklıMahallesi,"
              10 Kasım 2022
            ",SerhatÇam
326,121020-1665,2.750,2 + 1,50,8 Yaşında,BahçeKatı,Pamukkale,AsmalıevlerMahallesi,"
              10 Kasım 2022
            ",GÖKANDİNCER
327,99579-1130,2.299,1 + 1,45,7 Yaşında,BahçeKatı,Pamukkale,AsmalıevlerMahallesi,"
              10 Kasım 2022
            ",SerhatÇam
328,121020-1724,2.500,1 + 1,50,5 Yaşında,2.Kat,Pamukkale,KınıklıMahallesi,"
              25 Kasım 2022
            ",AYGÜLMUTLUBAŞ
329,99579-963,1.399,Stüdyo,30,5 Yaşında,GirişKatı,Pamukkale,AsmalıevlerMahallesi,"
              10 Kasım 2022
            ",SerhatÇam
330,99579-1212,1.999,1 + 1,55,5 Yaşında,1.Kat,Pamukkale,AsmalıevlerMahallesi,"
              10 Kasım 2022
            ",SerhatÇam
331,99579-1069,1.499,Stüdyo,40,5 Yaşında,Zemin,Pamukkale,AsmalıevlerMahallesi,"
              10 Kasım 2022
            ",SerhatÇam
332,121020-1668,2.000,1 + 1,50,14 Yaşında,BahçeKatı,Pamukkale,AsmalıevlerMahallesi,"
              10 Kasım 2022
            ",GÖKANDİNCER
333,121020-1650,4.250,3 + 1,135,21 Yaşında,3.Kat,Pamukkale,KuşpınarMahallesi,"
              10 Kasım 2022
            ",OFİSMUTLUBAŞ
334,121020-1571,2.500,1 + 1,55,7 Yaşında,Zemin,Pamukkale,ZeytinköyMahallesi,"
              10 Kasım 2022
            ",GÖKANDİNCER
